Cycle,Latency_ms,Used_Heap_MB,Timestamp
1,15.400,14.45,2026-10-02T17:00:48.515Z
2,12.800,14.45,2026-10-02T17:00:48.528Z
3,10.600,14.45,2026-10-02T17:00:48.538Z
4,14.000,14.45,2026-10-02T17:00:48.552Z
5,12.800,17.58,2026-10-02T17:00:48.565Z
6,14.900,17.58,2026-10-02T17:00:48.580Z
7,13.400,17.58,2026-10-02T17:00:48.593Z
8,13.700,17.58,2026-10-02T17:00:48.607Z
9,14.900,24.14,2026-10-02T17:00:48.622Z
10,14.000,24.14,2026-10-02T17:00:48.636Z
11,13.500,24.14,2026-10-02T17:00:48.650Z
12,15.200,24.14,2026-10-02T17:00:48.665Z
13,14.500,27.28,2026-10-02T17:00:48.680Z
14,12.100,27.28,2026-10-02T17:00:48.692Z
15,18.800,27.28,2026-10-02T17:00:48.711Z
16,15.300,27.28,2026-10-02T17:00:48.726Z
17,20.800,34.40,2026-10-02T17:00:48.747Z
18,18.600,34.40,2026-10-02T17:00:48.766Z
19,15.300,34.40,2026-10-02T17:00:48.781Z
20,24.800,12.73,2026-10-02T17:00:48.806Z
21,14.900,12.73,2026-10-02T17:00:48.832Z
22,16.400,12.73,2026-10-02T17:00:48.848Z
23,13.800,20.00,2026-10-02T17:00:48.862Z
24,14.300,20.00,2026-10-02T17:00:48.877Z
25,16.900,20.00,2026-10-02T17:00:48.894Z
26,40.700,23.21,2026-10-02T17:00:48.934Z
27,18.600,23.21,2026-10-02T17:00:48.953Z
28,17.100,23.21,2026-10-02T17:00:48.970Z
29,22.500,26.41,2026-10-02T17:00:48.993Z
30,25.100,26.41,2026-10-02T17:00:49.018Z
31,23.500,26.41,2026-10-02T17:00:49.042Z
32,17.600,15.39,2026-10-02T17:00:49.060Z
33,17.300,15.39,2026-10-02T17:00:49.077Z
34,16.800,15.39,2026-10-02T17:00:49.094Z
35,16.900,18.62,2026-10-02T17:00:49.111Z
36,18.000,18.62,2026-10-02T17:00:49.129Z
37,17.500,18.62,2026-10-02T17:00:49.146Z
38,18.800,21.82,2026-10-02T17:00:49.165Z
39,16.900,21.82,2026-10-02T17:00:49.182Z
40,32.400,21.82,2026-10-02T17:00:49.215Z
41,16.200,15.70,2026-10-02T17:00:49.243Z
42,17.500,15.70,2026-10-02T17:00:49.261Z
43,16.400,15.70,2026-10-02T17:00:49.277Z
44,19.300,18.35,2026-10-02T17:00:49.297Z
45,18.700,18.35,2026-10-02T17:00:49.315Z
46,20.100,18.35,2026-10-02T17:00:49.336Z
47,17.800,21.55,2026-10-02T17:00:49.353Z
48,16.300,21.55,2026-10-02T17:00:49.370Z
49,18.300,21.55,2026-10-02T17:00:49.388Z
50,24.900,15.27,2026-10-02T17:00:49.413Z
51,18.000,15.27,2026-10-02T17:00:49.431Z
52,17.400,15.27,2026-10-02T17:00:49.449Z
53,16.300,19.06,2026-10-02T17:00:49.465Z
54,16.700,19.06,2026-10-02T17:00:49.482Z
55,21.800,19.06,2026-10-02T17:00:49.504Z
56,18.900,22.28,2026-10-02T17:00:49.523Z
57,20.100,22.28,2026-10-02T17:00:49.543Z
58,17.900,22.28,2026-10-02T17:00:49.561Z
59,16.200,25.49,2026-10-02T17:00:49.577Z
60,24.100,25.49,2026-10-02T17:00:49.601Z
61,21.400,15.72,2026-10-02T17:00:49.646Z
62,18.700,15.72,2026-10-02T17:00:49.665Z
63,18.600,15.72,2026-10-02T17:00:49.684Z
64,20.300,18.34,2026-10-02T17:00:49.704Z
65,16.700,18.34,2026-10-02T17:00:49.721Z
66,19.000,18.34,2026-10-02T17:00:49.740Z
67,19.300,21.55,2026-10-02T17:00:49.759Z
68,16.300,21.55,2026-10-02T17:00:49.776Z
69,19.000,21.55,2026-10-02T17:00:49.795Z
70,27.100,15.28,2026-10-02T17:00:49.822Z
71,18.700,15.28,2026-10-02T17:00:49.841Z
72,19.900,15.28,2026-10-02T17:00:49.861Z
73,18.800,19.07,2026-10-02T17:00:49.880Z
74,20.200,19.07,2026-10-02T17:00:49.900Z
75,15.400,19.07,2026-10-02T17:00:49.915Z
76,19.500,22.29,2026-10-02T17:00:49.935Z
77,18.200,22.29,2026-10-02T17:00:49.953Z
78,16.300,22.29,2026-10-02T17:00:49.970Z
79,16.800,25.50,2026-10-02T17:00:49.987Z
80,28.000,25.50,2026-10-02T17:00:50.015Z
81,19.000,15.72,2026-10-02T17:00:50.048Z
82,18.400,15.72,2026-10-02T17:00:50.066Z
83,17.500,15.72,2026-10-02T17:00:50.084Z
84,14.900,18.36,2026-10-02T17:00:50.099Z
85,15.000,18.36,2026-10-02T17:00:50.114Z
86,20.800,18.36,2026-10-02T17:00:50.135Z
87,19.000,21.57,2026-10-02T17:00:50.155Z
88,17.700,21.57,2026-10-02T17:00:50.172Z
89,17.900,21.57,2026-10-02T17:00:50.190Z
90,25.200,15.28,2026-10-02T17:00:50.216Z
91,15.800,15.28,2026-10-02T17:00:50.231Z
92,19.000,15.28,2026-10-02T17:00:50.251Z
93,16.600,19.08,2026-10-02T17:00:50.267Z
94,15.100,19.08,2026-10-02T17:00:50.282Z
95,17.700,19.08,2026-10-02T17:00:50.300Z
96,16.000,19.08,2026-10-02T17:00:50.316Z
97,20.500,21.64,2026-10-02T17:00:50.337Z
98,20.300,21.64,2026-10-02T17:00:50.358Z
99,20.300,21.64,2026-10-02T17:00:50.378Z
100,22.000,24.85,2026-10-02T17:00:50.400Z